"id", "addetto", "pullman", "pulizia", "data", "manutenzione", ""
"11", "Teodolinda", "pullmann 450", "pulizia3", "2014-10-06", "0", ""
"12", "Teodolinda", "pullmann 355", "pulizia2", "2014-10-06", "1", ""
"13", "Romualda", "pullmann 450", "pulizia2", "2014-10-06", "0", ""
"14", "Sigismonda", "pullmann 550", "pulizia2", "2014-10-07", "0", ""
"15", "Teodolinda", "pullmann 450", "pulizia3", "2014-10-17", "0", ""
"16", "Francesca", "pullmann 355", "pulizia3", "2014-10-22", "0", ""
"18", "Lavinia", "pullmann 355", "pulizia3", "2014-10-21", "0", ""
"19", "Sigismonda", "pullmann 450", "pulizia2", "2014-10-20", "0", ""
"20", "Sigismonda", "pullmann 450", "pulizia2", "2014-10-20", "0", ""
"21", "Sigismonda", "pullmann 450", "pulizia3", "2014-10-20", "0", ""
"22", "Teodolinda", "pullmann 355", "pulizia2", "2014-10-20", "1", ""
"23", "Lavinia", "pullmann 450", "pulizia2", "2014-10-20", "0", ""
"24", "Sigismonda", "pullmann 355", "pulizia3", "2014-10-20", "0", ""
"25", "Sigismonda", "pullmann 450", "pulizia2", "2014-10-20", "1", ""
"5", "agfd", "afdgfg", "afsgf", "2014-10-27", "1", ""
"27", "fdgaasdgfa", "asfgf", "asfdg", "2014-10-27", "1", ""
"28", "agfd", "afdgfg", "afsgf", "2014-10-27", "1", ""
"29", "fdgaasdgfa", "asfgf", "asfdg", "2014-10-27", "1", ""
"3", "agfd", "afdgfg", "afsgf", "2014-10-27", "1", ""
"31", "fdgaasdgfa", "asfgf", "asfdg", "2014-10-27", "1", ""
